{
  "hash": "90c5347a",
  "configHash": "f11248ba",
  "lockfileHash": "ff9ecc7b",
  "browserHash": "8fdc33ff",
  "optimized": {
    "@angular/common": {
      "src": "../../../../../../node_modules/@angular/common/fesm2022/common.mjs",
      "file": "@angular_common.js",
      "fileHash": "8af26a2c",
      "needsInterop": false
    },
    "@angular/common/http": {
      "src": "../../../../../../node_modules/@angular/common/fesm2022/http.mjs",
      "file": "@angular_common_http.js",
      "fileHash": "e99c8ea4",
      "needsInterop": false
    },
    "@angular/core": {
      "src": "../../../../../../node_modules/@angular/core/fesm2022/core.mjs",
      "file": "@angular_core.js",
      "fileHash": "a9f2d90a",
      "needsInterop": false
    },
    "@angular/forms": {
      "src": "../../../../../../node_modules/@angular/forms/fesm2022/forms.mjs",
      "file": "@angular_forms.js",
      "fileHash": "08eb47de",
      "needsInterop": false
    },
    "@angular/platform-browser": {
      "src": "../../../../../../node_modules/@angular/platform-browser/fesm2022/platform-browser.mjs",
      "file": "@angular_platform-browser.js",
      "fileHash": "e9271992",
      "needsInterop": false
    },
    "@angular/router": {
      "src": "../../../../../../node_modules/@angular/router/fesm2022/router.mjs",
      "file": "@angular_router.js",
      "fileHash": "84ec4588",
      "needsInterop": false
    },
    "angular-auth-oidc-client": {
      "src": "../../../../../../node_modules/angular-auth-oidc-client/fesm2022/angular-auth-oidc-client.mjs",
      "file": "angular-auth-oidc-client.js",
      "fileHash": "08ec42a1",
      "needsInterop": false
    },
    "rxjs": {
      "src": "../../../../../../node_modules/rxjs/dist/esm5/index.js",
      "file": "rxjs.js",
      "fileHash": "a52924f8",
      "needsInterop": false
    },
    "zone.js": {
      "src": "../../../../../../node_modules/zone.js/fesm2015/zone.js",
      "file": "zone__js.js",
      "fileHash": "8ef6791e",
      "needsInterop": true
    }
  },
  "chunks": {
    "chunk-RYEFB6RP": {
      "file": "chunk-RYEFB6RP.js"
    },
    "chunk-HH7VHSRV": {
      "file": "chunk-HH7VHSRV.js"
    },
    "chunk-LSVIF5KG": {
      "file": "chunk-LSVIF5KG.js"
    },
    "chunk-4OSHMCG2": {
      "file": "chunk-4OSHMCG2.js"
    },
    "chunk-RDHXSB74": {
      "file": "chunk-RDHXSB74.js"
    },
    "chunk-ZVDZKNJT": {
      "file": "chunk-ZVDZKNJT.js"
    },
    "chunk-RSS3ODKE": {
      "file": "chunk-RSS3ODKE.js"
    },
    "chunk-WDMUDEB6": {
      "file": "chunk-WDMUDEB6.js"
    }
  }
}